class name	function name	function line	type	#variables	#coefficients	time H text (s)	time H image (s)	Time H Total (s)	Time KDM (s)
KerberosSampler	sample	148	QUBO	52	190	0.003177100000000266	1.8999999991109462e-06	4.7170518	0.1163419999999995
KerberosSampler	sample	148	QUBO	52	190	0.0011358000000001311	2.099999999671809e-06	4.8025435000000005	0.16368570000000027
