class name	function name	function line	type	#variables	#coefficients	time H text (s)	time H image (s)	Time H Total (s)	Time KDM (s)
LeapHybridSampler	sample	181	QUBO	33	231	0.0006999999999948159	1.1999999998124622e-06	36.692481	0.1308265999999989
LeapHybridSampler	sample	181	QUBO	33	231	0.0008593000000018947	1.0999999986438525e-06	27.148501600000003	0.11407370000000583
LeapHybridSampler	sample	181	QUBO	33	231	0.0006965000000036525	1.4000000021496817e-06	27.565784199999996	0.17834090000000202
LeapHybridSampler	sample	181	QUBO	33	231	0.0006206999999989193	8.000000022434506e-07	27.6135222	0.2276484999999937
LeapHybridSampler	sample	181	QUBO	33	231	0.0006988000000021088	7.000000010748408e-07	26.446717600000003	0.10938500000000317
LeapHybridSampler	sample	181	QUBO	33	231	0.0007998000000029037	1.00000000458067e-06	26.782522699999998	0.16332159999999618
LeapHybridSampler	sample	181	QUBO	33	231	0.0006510999999989053	8.000000022434506e-07	26.379688799999997	0.21985109999999963
LeapHybridSampler	sample	181	QUBO	33	231	0.0006722999999979606	7.000000010748408e-07	34.380864200000005	0.1375765999999956
